train_loss,test_loss,jaccard
4.114715608964509,2.826863125837136,0.074181445
2.2735320664312284,1.4252345380709344,0.41887745
