train_loss_epochs,val_loss_epochs,val_dice_epochs,validation_f1_epochs,validation_precision_epochs,validation_recall_epochs
0.04783205882597796,0.011764846521727436,0.6350478304733262,0.6350475645730974,0.7190756908785857,0.6074873442975346
0.008204481383636747,0.011001216030591855,0.6733624372081678,0.6692640765524301,0.6563306649017041,0.7350743133574724
0.005945454136585522,0.008228960332506504,0.7204248238904555,0.7122281025789801,0.8121022308459047,0.6685556991667044
0.005878563943927181,0.008162486571966495,0.7338035409567786,0.7297051803010409,0.7353926784374186,0.75688515359261
0.004521810873693092,0.008798581469908058,0.6880047214942694,0.6839063608385317,0.8554317732875953,0.6006442067617948
