train_loss_epochs,val_loss_epochs,val_dice_epochs,validation_f1_epochs,validation_precision_epochs,validation_recall_epochs
0.07040166873815648,0.015399212046282092,0.020524018964172937,3.2215685484411776e-05,0.00819672131147541,1.615048891895252e-05
0.009525200208143937,0.011028820285707192,0.5784227830189906,0.5743244223632529,0.7616027238794038,0.5018994918963338
